ID,Job_Title,Email_Address,FirstName_LastName
1,Call Center Representative,Jacob_Dillon3040@kideod.biz,Jacob Dillon
2,Banker,Carl_Lindop868@grannar.com,Carl Lindop
3,Accountant,Rick_Harvey4717@famism.biz,Rick Harvey
4,Associate Professor,Barney_Griffiths4791@infotech44.tech,Barney Griffiths
5,Auditor,Priscilla_Booth3639@fuliss.net,Priscilla Booth
6,HR Specialist,Johnathan_Pitt53@yahoo.com,Johnathan Pitt
7,Healthcare Specialist,Stephanie_Butler763@naiker.biz,Stephanie Butler
8,Project Manager,Liam_Penn1151@nimogy.biz,Liam Penn
9,Auditor,Manuel_Hall7558@extex.org,Manuel Hall
10,Laboratory Technician,Gwenyth_Wood9867@joiniaa.com,Gwenyth Wood