ID,Job_Title,Email_Address,FirstName_LastName
11,Fabricator,Bernadette_Sylvester3487@qater.org,Bernadette Sylvester
12,Design Engineer,Norah_Richardson8429@cispeto.com,Norah Richardson
13,Baker,Javier_Knight7073@infotech44.tech,Javier Knight
14,Electrician,Manuel_Healy3262@joiniaa.com,Manuel Healy
15,Food Technologist,Harvey_Speed3471@cispeto.com,Harvey Speed
16,Paramedic,Carol_Lewis1731@grannar.com,Carol Lewis
17,Retail Trainee,Bart_Hill6965@joiniaa.com,Bart Hill
18,Cash Manager,Nicholas_Mould2127@vetan.org,Nicholas Mould
19,Designer,Ruby_Silva1690@deons.tech,Ruby Silva
20,Dentist,Rocco_Burnley7124@gmail.com,Rocco Burnley